Nombre;Telefono;Direccion;Codigo Postal;Direccion IP;Edad
Valeria Navarro;608-704-8736;Av. Sol 33, Granada;12973;198.51.100.50;59
Héctor Suárez;789-146-7658;Plaza Mayor 28, Murcia;97347;203.0.113.45;24
Quirina Castro;249-748-7172;Paseo del Río 1, Alicante;41068;9.9.9.9;55
Diana Ruiz;295-824-5144;Calle Azul 20, Barcelona;23586;198.51.100.23;73
Héctor Suárez;347-888-6463;Plaza Mayor 24, Barcelona;32147;8.8.8.8;27
Quirina Torres;146-175-9160;Calle Azul 11, Murcia;28249;203.0.113.45;57
Javier López;946-293-8137;Calle Luna 16, Bilbao;88852;9.9.9.9;64
Francisco García;491-151-8765;Av. Real 46, Madrid;39680;198.51.100.23;74
Sofía Vargas;497-704-7169;Calle Verde 25, Málaga;76700;9.9.9.9;85
Héctor Ramos;144-364-8723;Calle Flor 30, Murcia;22495;1.1.1.1;66
Raúl Jiménez;677-216-8247;Calle Flor 37, Valencia;27518;203.0.113.100;35
Ximena López;208-485-3503;Paseo del Río 27, Madrid;53169;203.0.113.45;34
Luis Ramos;653-852-7006;Av. Libertad 48, Zaragoza;10265;172.16.0.1;61
Valeria Jiménez;968-710-3622;Plaza Mayor 10, Barcelona;25510;1.1.1.1;74
Walter Torres;940-186-5092;Av. Real 42, Valencia;89468;10.0.0.5;40
Diana López;726-985-6891;Calle Luna 31, Murcia;91810;192.168.1.10;67
Nicolás Navarro;582-557-2677;Plaza Mayor 26, Alicante;37534;10.0.0.5;58
Sofía Díaz;711-312-4213;Av. Libertad 28, Bilbao;54968;9.9.9.9;67
Olivia Díaz;540-897-9838;Av. del Parque 2, Sevilla;46935;198.51.100.50;53
Alejandro Pérez;376-643-2642;Paseo del Río 37, Barcelona;72437;9.9.9.9;63
Marta Torres;792-344-4978;Paseo del Río 28, Bilbao;58891;198.51.100.50;68
Raúl López;223-723-2401;Calle Flor 17, Málaga;60504;172.16.0.1;33
Javier Ruiz;519-849-8096;Calle Azul 35, Málaga;71393;203.0.113.45;57
Quirina Díaz;843-486-3555;Paseo del Río 28, Valencia;62598;1.1.1.1;71
Nicolás Jiménez;550-661-2207;Av. Libertad 27, Barcelona;93968;203.0.113.100;42
Yago Navarro;417-608-1932;Calle Azul 4, Valencia;20420;198.51.100.23;29
Valeria Flores;286-872-5466;Calle Flor 33, Alicante;37219;9.9.9.9;70
Walter Ortiz;692-766-8799;Av. del Parque 7, Málaga;76044;8.8.8.8;78
Diana Sánchez;252-195-8983;Av. Sol 1, Zaragoza;53730;8.8.8.8;31
Valeria Moreno;429-562-4568;Paseo del Río 7, Málaga;57988;192.168.1.10;24
